,computers and electronics,critical thinking,deductive reasoning,english language,information ordering,oral comprehension,oral expression,problem sensitivity,reading comprehension,written comprehension
high,4.298805491990869,3.683588100686513,3.668430205949657,3.63559725400461,3.6524347826086645,3.7300366132723055,3.633702517162471,3.7473592677345606,3.652727688787198,3.7514462242563384
low,4.297666666666658,3.6857681159420386,3.6679565217391343,3.655289855072478,3.658347826086936,3.7435652173912977,3.6416811594202874,3.7413913043478377,3.6689130434782675,3.7766231884058294
medium,4.313974895397513,3.6939330543933186,3.670967573221759,3.6182112970711597,3.6514644351464107,3.740591004184096,3.6417573221757307,3.7526725941422665,3.664429916318005,3.758661087866152
no,4.2848958333333345,3.6660416666666666,3.6446875,3.632083333333332,3.6283333333333343,3.7403125000000004,3.6348958333333337,3.7260416666666667,3.669895833333333,3.763854166666665
